"{timezone, select, africaAbidjan {Africa / Abidjan} africaAlgiers {Africa / Algiers} africaBissau {Africa / Bissau} africaCairo {Africa / Cairo} africaCasablanca {Africa / Casablanca} africaCeuta {Africa / Ceuta} africaElAaiun {Africa / El Aaiun} africaJohannesburg {Africa / Johannesburg} africaJuba {Africa / Juba} africaKhartoum {Africa / Khartoum} africaLagos {Africa / Lagos} africaMaputo {Africa / Maputo} africaMonrovia {Africa / Monrovia} africaNairobi {Africa / Nairobi} africaNdjamena {Africa / Ndjamena} africaSaoTome {Africa / Sao Tome} africaTripoli {Africa / Tripoli} africaTunis {Africa / Tunis} africaWindhoek {Africa / Windhoek} americaAdak {America / Adak} americaAnchorage {America / Anchorage} americaAraguaina {America / Araguaina} americaArgentinaBuenosAires {America / Argentina / Buenos Aires} americaArgentinaCatamarca {America / Argentina / Catamarca} americaArgentinaCordoba {America / Argentina / Cordoba} americaArgentinaJujuy {America / Argentina / Jujuy} americaArgentinaLaRioja {America / Argentina / La Rioja} americaArgentinaMendoza {America / Argentina / Mendoza} americaArgentinaRioGallegos {America / Argentina / Rio Gallegos} americaArgentinaSalta {America / Argentina / Salta} americaArgentinaSanJuan {America / Argentina / San Juan} americaArgentinaSanLuis {America / Argentina / San Luis} americaArgentinaTucuman {America / Argentina / Tucuman} americaArgentinaUshuaia {America / Argentina / Ushuaia} americaAsuncion {America / Asuncion} americaBahia {America / Bahia} americaBahiaBanderas {America / Bahia Banderas} americaBarbados {America / Barbados} americaBelem {America / Belem} americaBelize {America / Belize} americaBoaVista {America / Boa Vista} americaBogota {America / Bogota} americaBoise {America / Boise} americaCambridgeBay {America / Cambridge Bay} americaCampoGrande {America / Campo Grande} americaCancun {America / Cancun} americaCaracas {America / Caracas} americaCayenne {America / Cayenne} americaChicago {America / Chicago} americaChihuahua {America / Chihuahua} americaCiudadJuarez {America / Ciudad Juarez} americaCostaRica {America / Costa Rica} americaCoyhaique {America / Coyhaique} americaCuiaba {America / Cuiaba} americaDanmarkshavn {America / Danmarkshavn} americaDawson {America / Dawson} americaDawsonCreek {America / Dawson Creek} americaDenver {America / Denver} americaDetroit {America / Detroit} americaEdmonton {America / Edmonton} americaEirunepe {America / Eirunepe} americaElSalvador {America / El Salvador} americaFortNelson {America / Fort Nelson} americaFortaleza {America / Fortaleza} americaGlaceBay {America / Glace Bay} americaGooseBay {America / Goose Bay} americaGrandTurk {America / Grand Turk} americaGuatemala {America / Guatemala} americaGuayaquil {America / Guayaquil} americaGuyana {America / Guyana} americaHalifax {America / Halifax} americaHavana {America / Havana} americaHermosillo {America / Hermosillo} americaIndianaIndianapolis {America / Indiana / Indianapolis} americaIndianaKnox {America / Indiana / Knox} americaIndianaMarengo {America / Indiana / Marengo} americaIndianaPetersburg {America / Indiana / Petersburg} americaIndianaTellCity {America / Indiana / Tell City} americaIndianaVevay {America / Indiana / Vevay} americaIndianaVincennes {America / Indiana / Vincennes} americaIndianaWinamac {America / Indiana / Winamac} americaInuvik {America / Inuvik} americaIqaluit {America / Iqaluit} americaJamaica {America / Jamaica} americaJuneau {America / Juneau} americaKentuckyLouisville {America / Kentucky / Louisville} americaKentuckyMonticello {America / Kentucky / Monticello} americaLaPaz {America / La Paz} americaLima {America / Lima} americaLosAngeles {America / Los Angeles} americaMaceio {America / Maceio} americaManagua {America / Managua} americaManaus {America / Manaus} americaMartinique {America / Martinique} americaMatamoros {America / Matamoros} americaMazatlan {America / Mazatlan} americaMenominee {America / Menominee} americaMerida {America / Merida} americaMetlakatla {America / Metlakatla} americaMexicoCity {America / Mexico City} americaMiquelon {America / Miquelon} americaMoncton {America / Moncton} americaMonterrey {America / Monterrey} americaMontevideo {America / Montevideo} americaNewYork {America / New York} americaNome {America / Nome} americaNoronha {America / Noronha} americaNorthDakotaBeulah {America / North Dakota / Beulah} americaNorthDakotaCenter {America / North Dakota / Center} americaNorthDakotaNewSalem {America / North Dakota / New Salem} americaNuuk {America / Nuuk} americaOjinaga {America / Ojinaga} americaPanama {America / Panama} americaParamaribo {America / Paramaribo} americaPhoenix {America / Phoenix} americaPortAuPrince {America / Port-au-Prince} americaPortoVelho {America / Porto Velho} americaPuertoRico {America / Puerto Rico} americaPuntaArenas {America / Punta Arenas} americaRankinInlet {America / Rankin Inlet} americaRecife {America / Recife} americaRegina {America / Regina} americaResolute {America / Resolute}americaRioBranco {America / Rio Branco} americaSantarem {America / Santarem} americaSantiago {America / Santiago} americaSantoDomingo {America / Santo Domingo} americaSaoPaulo {America / Sao Paulo} americaScoresbysund {America / Scoresbysund} americaSitka {America / Sitka} americaStJohns {America / St Johns} americaSwiftCurrent {America / Swift Current} americaTegucigalpa {America / Tegucigalpa} americaThule {America / Thule} americaTijuana {America / Tijuana} americaToronto {America / Toronto} americaVancouver {America / Vancouver} americaWhitehorse {America / Whitehorse} americaWinnipeg {America / Winnipeg} americaYakutat {America / Yakutat} antarcticaCasey {Antarctica / Casey} antarcticaDavis {Antarctica / Davis} antarcticaMacquarie {Antarctica / Macquarie} antarcticaMawson {Antarctica / Mawson} antarcticaPalmer {Antarctica / Palmer} antarcticaRothera {Antarctica / Rothera} antarcticaTroll {Antarctica / Troll} antarcticaVostok {Antarctica / Vostok} asiaAlmaty {Asia / Almaty} asiaAmman {Asia / Amman} asiaAnadyr {Asia / Anadyr} asiaAqtau {Asia / Aqtau} asiaAqtobe {Asia / Aqtobe} asiaAshgabat {Asia / Ashgabat} asiaAtyrau {Asia / Atyrau} asiaBaghdad {Asia / Baghdad} asiaBaku {Asia / Baku} asiaBangkok {Asia / Bangkok} asiaBarnaul {Asia / Barnaul} asiaBeirut {Asia / Beirut} asiaBishkek {Asia / Bishkek} asiaChita {Asia / Chita} asiaColombo {Asia / Colombo} asiaDamascus {Asia / Damascus} asiaDhaka {Asia / Dhaka} asiaDili {Asia / Dili} asiaDubai {Asia / Dubai} asiaDushanbe {Asia / Dushanbe} asiaFamagusta {Asia / Famagusta} asiaGaza {Asia / Gaza} asiaHebron {Asia / Hebron} asiaHoChiMinh {Asia / Ho Chi Minh} asiaHongKong {Asia / Hong Kong} asiaHovd {Asia / Hovd} asiaIrkutsk {Asia / Irkutsk} asiaJakarta {Asia / Jakarta} asiaJayapura {Asia / Jayapura} asiaJerusalem {Asia / Jerusalem} asiaKabul {Asia / Kabul} asiaKamchatka {Asia / Kamchatka} asiaKarachi {Asia / Karachi} asiaKathmandu {Asia / Kathmandu} asiaKhandyga {Asia / Khandyga} asiaKolkata {Asia / Kolkata} asiaKrasnoyarsk {Asia / Krasnoyarsk} asiaKuching {Asia / Kuching} asiaMacau {Asia / Macau} asiaMagadan {Asia / Magadan} asiaMakassar {Asia / Makassar} asiaManila {Asia / Manila} asiaNicosia {Asia / Nicosia} asiaNovokuznetsk {Asia / Novokuznetsk} asiaNovosibirsk {Asia / Novosibirsk} asiaOmsk {Asia / Omsk} asiaOral {Asia / Oral} asiaPontianak {Asia / Pontianak} asiaPyongyang {Asia / Pyongyang} asiaQatar {Asia / Qatar} asiaQostanay {Asia / Qostanay} asiaQyzylorda {Asia / Qyzylorda} asiaRiyadh {Asia / Riyadh} asiaSakhalin {Asia / Sakhalin} asiaSamarkand {Asia / Samarkand} asiaSeoul {Asia / Seoul} asiaShanghai {Asia / Shanghai} asiaSingapore {Asia / Singapore} asiaSrednekolymsk {Asia / Srednekolymsk} asiaTaipei {Asia / Taipei} asiaTashkent {Asia / Tashkent} asiaTbilisi {Asia / Tbilisi} asiaTehran {Asia / Tehran} asiaThimphu {Asia / Thimphu} asiaTokyo {Asia / Tokyo} asiaTomsk {Asia / Tomsk} asiaUlaanbaatar {Asia / Ulaanbaatar} asiaUrumqi {Asia / Urumqi} asiaUstNera {Asia / Ust-Nera} asiaVladivostok {Asia / Vladivostok} asiaYakutsk {Asia / Yakutsk} asiaYangon {Asia / Yangon} asiaYekaterinburg {Asia / Yekaterinburg} asiaYerevan {Asia / Yerevan} atlanticAzores {Atlantic / Azores} atlanticBermuda {Atlantic / Bermuda} atlanticCanary {Atlantic / Canary} atlanticCapeVerde {Atlantic / Cape Verde} atlanticFaroe {Atlantic / Faroe} atlanticMadeira {Atlantic / Madeira} atlanticSouthGeorgia {Atlantic / South Georgia} atlanticStanley {Atlantic / Stanley} australiaAdelaide {Australia / Adelaide} australiaBrisbane {Australia / Brisbane} australiaBrokenHill {Australia / Broken Hill} australiaDarwin {Australia / Darwin} australiaEucla {Australia / Eucla} australiaHobart {Australia / Hobart} australiaLindeman {Australia / Lindeman} australiaLordHowe {Australia / Lord Howe} australiaMelbourne {Australia / Melbourne} australiaPerth {Australia / Perth} australiaSydney {Australia / Sydney} etcGmt {Etc / GMT} etcGmt1 {Etc / GMT+1} etcGmt10 {Etc / GMT+10} etcGmt11 {Etc / GMT+11} etcGmt12 {Etc / GMT+12} etcGmt2 {Etc / GMT+2} etcGmt3 {Etc / GMT+3} etcGmt4 {Etc / GMT+4} etcGmt5 {Etc / GMT+5} etcGmt6 {Etc / GMT+6} etcGmt7 {Etc / GMT+7} etcGmt8 {Etc / GMT+8} etcGmt9 {Etc / GMT+9} etcGmt1 {Etc / GMT-1} etcGmt10 {Etc / GMT-10} etcGmt11 {Etc / GMT-11} etcGmt12 {Etc / GMT-12} etcGmt13 {Etc / GMT-13} etcGmt14 {Etc / GMT-14} etcGmt2 {Etc / GMT-2} etcGmt3 {Etc / GMT-3} etcGmt4 {Etc / GMT-4} etcGmt5 {Etc / GMT-5} etcGmt6 {Etc / GMT-6} etcGmt7 {Etc / GMT-7} etcGmt8 {Etc / GMT-8} etcGmt9 {Etc / GMT-9} etcUtc {Etc / UTC} europeAndorra {Europe / Andorra} europeAstrakhan {Europe / Astrakhan} europeAthens {Europe / Athens} europeBelgrade {Europe / Belgrade} europeBerlin {Europe / Berlin} europeBrussels {Europe / Brussels} europeBucharest {Europe / Bucharest} europeBudapest {Europe / Budapest} europeChisinau {Europe / Chisinau} europeDublin {Europe / Dublin} europeGibraltar {Europe / Gibraltar} europeHelsinki {Europe / Helsinki} europeIstanbul {Europe / Istanbul} europeKaliningrad {Europe / Kaliningrad} europeKirov {Europe / Kirov} europeKyiv {Europe / Kyiv} europeLisbon {Europe / Lisbon} europeLondon {Europe / London} europeMadrid {Europe / Madrid} europeMalta {Europe / Malta} europeMinsk {Europe / Minsk} europeMoscow {Europe / Moscow} europeParis {Europe / Paris} europePrague {Europe / Prague} europeRiga {Europe / Riga} europeRome {Europe / Rome} europeSamara {Europe / Samara} europeSaratov {Europe / Saratov} europeSimferopol {Europe / Simferopol} europeSofia {Europe / Sofia} europeTallinn {Europe / Tallinn} europeTirane {Europe / Tirane} europeUlyanovsk {Europe / Ulyanovsk} europeVienna {Europe / Vienna} europeVilnius {Europe / Vilnius} europeVolgograd {Europe / Volgograd} europeWarsaw {Europe / Warsaw} europeZurich {Europe / Zurich} factory {Factory} indianChagos {Indian / Chagos} indianMaldives {Indian / Maldives} indianMauritius {Indian / Mauritius} pacificApia {Pacific / Apia} pacificAuckland {Pacific / Auckland} pacificBougainville {Pacific / Bougainville} pacificChatham {Pacific / Chatham} pacificEaster {Pacific / Easter} pacificEfate {Pacific / Efate} pacificFakaofo {Pacific / Fakaofo} pacificFiji {Pacific / Fiji} pacificGalapagos {Pacific / Galapagos} pacificGambier {Pacific / Gambier} pacificGuadalcanal {Pacific / Guadalcanal} pacificGuam {Pacific / Guam} pacificHonolulu {Pacific / Honolulu} pacificKanton {Pacific / Kanton} pacificKiritimati {Pacific / Kiritimati} pacificKosrae {Pacific / Kosrae} pacificKwajalein {Pacific / Kwajalein} pacificMarquesas {Pacific / Marquesas} pacificNauru {Pacific / Nauru} pacificNiue {Pacific / Niue} pacificNorfolk {Pacific / Norfolk} pacificNoumea {Pacific / Noumea} pacificPagoPago {Pacific / Pago Pago} pacificPalau {Pacific / Palau} pacificPitcairn {Pacific / Pitcairn} pacificPortMoresby {Pacific / Port Moresby} pacificRarotonga {Pacific / Rarotonga} pacificTahiti {Pacific / Tahiti} pacificTarawa {Pacific / Tarawa} pacificTongatapu {Pacific / Tongatapu}} other {Unknown timezone} }"
